filename,width,height,class,xmin,ymin,xmax,ymax
Screen Shot 2018-06-08 at 4.59.36 PM.png,458,476,fresh_apple,9,5,429,459
Screen Shot 2018-06-08 at 4.59.49 PM.png,416,402,fresh_apple,16,4,378,370
Screen Shot 2018-06-08 at 4.59.57 PM.png,436,452,fresh_apple,14,11,411,424
Screen Shot 2018-06-08 at 5.00.03 PM.png,412,418,fresh_apple,13,7,399,397
Screen Shot 2018-06-08 at 5.00.12 PM.png,388,428,fresh_apple,25,6,372,402
Screen Shot 2018-06-08 at 5.00.18 PM.png,372,398,fresh_apple,15,4,349,388
Screen Shot 2018-06-08 at 5.00.26 PM.png,414,420,fresh_apple,28,11,388,401
Screen Shot 2018-06-08 at 5.00.35 PM.png,416,448,fresh_apple,17,9,372,440
Screen Shot 2018-06-08 at 5.00.43 PM.png,436,472,fresh_apple,18,5,421,450
Screen Shot 2018-06-08 at 5.00.50 PM.png,454,456,fresh_apple,45,37,440,408
Screen Shot 2018-06-08 at 5.01.01 PM.png,374,398,fresh_apple,9,6,347,374
Screen Shot 2018-06-08 at 5.01.08 PM.png,450,460,fresh_apple,26,9,427,442
Screen Shot 2018-06-08 at 5.01.29 PM.png,360,366,fresh_apple,13,8,319,354
Screen Shot 2018-06-08 at 5.01.34 PM.png,382,402,fresh_apple,24,22,352,371
Screen Shot 2018-06-08 at 5.02.08 PM.png,382,350,fresh_apple,38,30,345,327
Screen Shot 2018-06-08 at 5.02.24 PM.png,384,398,fresh_apple,14,9,371,380
Screen Shot 2018-06-08 at 5.02.31 PM.png,388,408,fresh_apple,16,8,373,395
Screen Shot 2018-06-08 at 5.02.38 PM.png,410,358,fresh_apple,32,11,349,323
Screen Shot 2018-06-08 at 5.02.48 PM.png,298,308,fresh_apple,23,12,270,300
Screen Shot 2018-06-08 at 5.02.54 PM.png,284,310,fresh_apple,15,17,261,301
Screen Shot 2018-06-08 at 5.03.05 PM.png,328,344,fresh_apple,14,20,307,325
Screen Shot 2018-06-08 at 5.03.10 PM.png,366,350,fresh_apple,32,16,318,331
Screen Shot 2018-06-08 at 5.03.17 PM.png,376,380,fresh_apple,42,67,347,372
Screen Shot 2018-06-08 at 5.03.26 PM.png,348,400,fresh_apple,13,6,317,381
Screen Shot 2018-06-08 at 5.03.34 PM.png,484,430,fresh_apple,31,5,472,414
Screen Shot 2018-06-08 at 5.03.47 PM.png,370,350,fresh_apple,13,14,354,323
Screen Shot 2018-06-08 at 5.03.59 PM.png,414,418,fresh_apple,27,24,29,26
Screen Shot 2018-06-08 at 5.03.59 PM.png,414,418,fresh_apple,16,14,384,388
Screen Shot 2018-06-08 at 5.03.59 PM.png,414,418,fresh_apple,23,10,390,382
Screen Shot 2018-06-08 at 5.04.05 PM.png,466,464,fresh_apple,15,5,428,446
Screen Shot 2018-06-08 at 5.04.11 PM.png,308,366,fresh_apple,26,7,282,354
Screen Shot 2018-06-08 at 5.04.31 PM.png,390,418,fresh_apple,30,10,356,397
Screen Shot 2018-06-08 at 5.04.42 PM.png,472,414,fresh_apple,15,19,458,408
Screen Shot 2018-06-08 at 5.04.48 PM.png,176,160,fresh_apple,14,12,149,141
Screen Shot 2018-06-08 at 5.04.59 PM.png,188,178,fresh_apple,27,8,157,152
Screen Shot 2018-06-08 at 5.05.06 PM.png,180,160,fresh_apple,15,10,151,150
Screen Shot 2018-06-08 at 5.05.12 PM.png,180,172,fresh_apple,13,19,148,151
Screen Shot 2018-06-08 at 5.05.18 PM.png,184,172,fresh_apple,33,19,159,145
Screen Shot 2018-06-08 at 5.05.27 PM.png,434,442,fresh_apple,48,24,392,429
Screen Shot 2018-06-08 at 5.05.48 PM.png,416,448,fresh_apple,21,7,381,433
Screen Shot 2018-06-08 at 5.06.10 PM.png,352,358,fresh_apple,45,12,342,328
Screen Shot 2018-06-08 at 5.06.19 PM.png,200,152,fresh_apple,29,12,170,130
Screen Shot 2018-06-08 at 5.06.23 PM.png,194,156,fresh_apple,18,11,155,140
Screen Shot 2018-06-08 at 5.06.28 PM.png,164,156,fresh_apple,13,18,137,138
Screen Shot 2018-06-08 at 5.06.33 PM.png,212,152,fresh_apple,21,3,170,136
Screen Shot 2018-06-08 at 5.06.40 PM.png,476,428,fresh_apple,9,1,464,422
Screen Shot 2018-06-08 at 5.06.47 PM.png,472,462,fresh_apple,21,8,459,436
Screen Shot 2018-06-08 at 5.06.54 PM.png,250,224,fresh_apple,16,4,210,198
Screen Shot 2018-06-08 at 5.07.05 PM.png,238,224,fresh_apple,24,13,224,208
Screen Shot 2018-06-08 at 5.07.32 PM.png,432,472,fresh_apple,10,4,378,454
Screen Shot 2018-06-08 at 5.08.05 PM.png,380,446,fresh_apple,6,6,364,443
Screen Shot 2018-06-08 at 5.08.46 PM.png,406,400,fresh_apple,13,10,387,384
Screen Shot 2018-06-08 at 5.08.52 PM.png,230,222,fresh_apple,18,16,224,217
Screen Shot 2018-06-08 at 5.08.58 PM.png,230,204,fresh_apple,13,7,219,199
Screen Shot 2018-06-08 at 5.09.03 PM.png,400,380,fresh_apple,31,2,371,366
Screen Shot 2018-06-08 at 5.09.10 PM.png,390,432,fresh_apple,15,20,365,412
Screen Shot 2018-06-08 at 5.09.25 PM.png,356,390,fresh_apple,13,10,335,377
Screen Shot 2018-06-08 at 5.10.03 PM.png,382,386,fresh_apple,17,18,339,378
Screen Shot 2018-06-08 at 5.10.11 PM.png,406,442,fresh_apple,15,4,390,411
Screen Shot 2018-06-08 at 5.10.21 PM.png,340,394,fresh_apple,32,13,329,373
Screen Shot 2018-06-08 at 5.10.29 PM.png,206,210,fresh_apple,10,5,198,197
Screen Shot 2018-06-08 at 5.10.37 PM.png,200,216,fresh_apple,10,15,189,204
Screen Shot 2018-06-08 at 5.10.53 PM.png,196,208,fresh_apple,7,5,189,204
Screen Shot 2018-06-08 at 5.11.02 PM.png,450,450,fresh_apple,13,4,436,428
Screen Shot 2018-06-08 at 5.11.08 PM.png,388,378,fresh_apple,22,6,360,357
Screen Shot 2018-06-08 at 5.11.16 PM.png,478,468,fresh_apple,36,7,458,443
Screen Shot 2018-06-08 at 5.11.24 PM.png,584,510,fresh_apple,24,13,580,491
Screen Shot 2018-06-08 at 5.11.35 PM.png,346,318,fresh_apple,38,27,309,296
Screen Shot 2018-06-08 at 5.11.41 PM.png,380,402,fresh_apple,13,5,347,384
Screen Shot 2018-06-08 at 5.11.52 PM.png,374,410,fresh_apple,36,23,343,400
Screen Shot 2018-06-08 at 5.11.59 PM.png,420,438,fresh_apple,17,7,385,421
Screen Shot 2018-06-08 at 5.12.14 PM.png,470,452,fresh_apple,20,12,444,439
Screen Shot 2018-06-08 at 5.12.20 PM.png,378,342,fresh_apple,41,5,326,325
Screen Shot 2018-06-08 at 5.12.29 PM.png,396,410,fresh_apple,22,21,352,385
Screen Shot 2018-06-08 at 5.12.34 PM.png,404,390,fresh_apple,14,4,379,373
Screen Shot 2018-06-08 at 5.12.41 PM.png,478,432,fresh_apple,24,1,450,421
Screen Shot 2018-06-08 at 5.12.47 PM.png,442,440,fresh_apple,21,8,425,422
Screen Shot 2018-06-08 at 5.13.02 PM.png,432,430,fresh_apple,34,3,425,430
Screen Shot 2018-06-08 at 5.13.10 PM.png,334,324,fresh_apple,34,14,310,306
Screen Shot 2018-06-08 at 5.13.18 PM.png,342,322,fresh_apple,26,11,318,297
Screen Shot 2018-06-08 at 5.13.40 PM.png,374,438,fresh_apple,12,6,361,417
Screen Shot 2018-06-08 at 5.13.45 PM.png,380,408,fresh_apple,20,19,353,385
Screen Shot 2018-06-08 at 5.14.07 PM.png,404,472,fresh_apple,17,20,366,449
Screen Shot 2018-06-08 at 5.14.20 PM.png,320,374,fresh_apple,36,14,290,356
Screen Shot 2018-06-08 at 5.14.44 PM.png,372,364,fresh_apple,30,1,326,343
Screen Shot 2018-06-08 at 5.14.48 PM.png,306,316,fresh_apple,41,13,256,282
Screen Shot 2018-06-08 at 5.14.56 PM.png,438,376,fresh_apple,30,6,385,354
Screen Shot 2018-06-08 at 5.15.01 PM.png,400,464,fresh_apple,1,5,390,454
Screen Shot 2018-06-08 at 5.15.14 PM.png,232,244,fresh_apple,12,13,200,226
Screen Shot 2018-06-08 at 5.15.21 PM.png,480,464,fresh_apple,68,47,433,381
Screen Shot 2018-06-08 at 5.15.21 PM.png,480,464,fresh_apple,149,89,433,381
Screen Shot 2018-06-08 at 5.15.21 PM.png,480,464,fresh_apple,197,117,231,327
Screen Shot 2018-06-08 at 5.15.21 PM.png,480,464,fresh_apple,231,117,348,336
Screen Shot 2018-06-08 at 5.15.21 PM.png,480,464,fresh_apple,46,58,348,336
Screen Shot 2018-06-08 at 5.15.21 PM.png,480,464,fresh_apple,46,58,480,163
Screen Shot 2018-06-08 at 5.15.21 PM.png,480,464,fresh_apple,14,7,471,446
Screen Shot 2018-06-08 at 5.15.28 PM.png,384,438,fresh_apple,11,9,327,393
Screen Shot 2018-06-08 at 5.15.34 PM.png,416,400,fresh_apple,20,12,382,370
Screen Shot 2018-06-08 at 5.15.39 PM.png,378,350,fresh_apple,26,19,342,340
Screen Shot 2018-06-08 at 5.15.52 PM.png,448,426,fresh_apple,21,30,420,412
Screen Shot 2018-06-08 at 5.16.16 PM.png,322,326,fresh_apple,19,10,289,297
Screen Shot 2018-06-08 at 5.16.33 PM.png,402,438,fresh_apple,42,13,356,416
Screen Shot 2018-06-08 at 5.16.44 PM.png,402,404,fresh_apple,12,10,402,391
Screen Shot 2018-06-08 at 5.16.49 PM.png,442,398,fresh_apple,11,6,423,385
Screen Shot 2018-06-08 at 5.16.57 PM.png,366,408,fresh_apple,10,11,353,388
Screen Shot 2018-06-08 at 5.17.04 PM.png,462,432,fresh_apple,20,5,443,418
Screen Shot 2018-06-08 at 5.17.10 PM.png,408,410,fresh_apple,24,21,396,405
Screen Shot 2018-06-08 at 5.17.22 PM.png,426,406,fresh_apple,37,5,391,380
Screen Shot 2018-06-08 at 5.17.34 PM.png,366,404,fresh_apple,6,3,352,395
Screen Shot 2018-06-08 at 5.17.42 PM.png,478,466,fresh_apple,12,7,460,459
Screen Shot 2018-06-08 at 5.18.12 PM.png,362,374,fresh_apple,12,17,345,358
Screen Shot 2018-06-08 at 5.18.16 PM.png,258,286,fresh_apple,26,7,245,267
Screen Shot 2018-06-08 at 5.18.26 PM.png,364,402,fresh_apple,21,41,322,368
Screen Shot 2018-06-08 at 5.18.37 PM.png,374,386,fresh_apple,18,3,327,373
Screen Shot 2018-06-08 at 5.18.42 PM.png,400,338,fresh_apple,24,3,397,331
Screen Shot 2018-06-08 at 5.18.51 PM.png,374,390,fresh_apple,20,25,339,371
Screen Shot 2018-06-08 at 5.18.58 PM.png,390,360,fresh_apple,21,8,354,343
Screen Shot 2018-06-08 at 5.19.15 PM.png,390,406,fresh_apple,25,14,361,397
Screen Shot 2018-06-08 at 5.19.28 PM.png,392,378,fresh_apple,7,21,377,374
Screen Shot 2018-06-08 at 5.19.35 PM.png,422,434,fresh_apple,32,10,415,417
Screen Shot 2018-06-08 at 5.19.47 PM.png,382,440,fresh_apple,30,8,382,418
Screen Shot 2018-06-08 at 5.20.08 PM.png,336,402,fresh_apple,11,7,328,378
Screen Shot 2018-06-08 at 5.20.17 PM.png,386,468,fresh_apple,28,23,373,452
Screen Shot 2018-06-08 at 5.20.26 PM.png,462,432,fresh_apple,21,10,432,425
Screen Shot 2018-06-08 at 5.20.32 PM.png,432,440,fresh_apple,41,11,399,420
Screen Shot 2018-06-08 at 5.20.42 PM.png,368,428,fresh_apple,13,1,336,409
Screen Shot 2018-06-08 at 5.20.51 PM.png,378,388,fresh_apple,14,13,351,375
Screen Shot 2018-06-08 at 5.20.56 PM.png,436,444,fresh_apple,26,1,422,436
Screen Shot 2018-06-08 at 5.21.22 PM.png,582,426,fresh_apple,20,17,563,419
Screen Shot 2018-06-08 at 5.21.31 PM.png,346,334,fresh_apple,16,6,330,324
Screen Shot 2018-06-08 at 5.21.35 PM.png,326,388,fresh_apple,8,30,310,378
Screen Shot 2018-06-08 at 5.21.40 PM.png,362,360,fresh_apple,8,17,345,346
Screen Shot 2018-06-08 at 5.21.44 PM.png,372,370,fresh_apple,14,28,347,359
Screen Shot 2018-06-08 at 5.21.56 PM.png,200,182,fresh_apple,19,12,173,165
Screen Shot 2018-06-08 at 5.22.15 PM.png,198,182,fresh_apple,17,22,176,171
Screen Shot 2018-06-08 at 5.22.20 PM.png,208,164,fresh_apple,27,10,187,152
Screen Shot 2018-06-08 at 5.22.27 PM.png,192,174,fresh_apple,13,8,173,167
Screen Shot 2018-06-08 at 5.22.35 PM.png,194,180,fresh_apple,14,15,173,169
Screen Shot 2018-06-08 at 5.22.48 PM.png,432,424,fresh_apple,14,14,405,407
Screen Shot 2018-06-08 at 5.22.53 PM.png,416,402,fresh_apple,21,10,388,388
Screen Shot 2018-06-08 at 5.22.58 PM.png,432,408,fresh_apple,30,4,409,399
Screen Shot 2018-06-08 at 5.23.07 PM.png,438,372,fresh_apple,29,2,412,351
Screen Shot 2018-06-08 at 5.23.14 PM.png,182,188,fresh_apple,11,12,153,159
Screen Shot 2018-06-08 at 5.23.23 PM.png,194,164,fresh_apple,16,8,173,144
Screen Shot 2018-06-08 at 5.23.26 PM.png,196,158,fresh_apple,26,6,164,144
Screen Shot 2018-06-08 at 5.23.31 PM.png,196,170,fresh_apple,22,16,171,157
Screen Shot 2018-06-08 at 5.23.51 PM.png,428,424,fresh_apple,14,14,422,408
Screen Shot 2018-06-08 at 5.24.04 PM.png,366,384,fresh_apple,23,12,336,371
Screen Shot 2018-06-08 at 5.24.12 PM.png,406,362,fresh_apple,18,5,381,352
Screen Shot 2018-06-08 at 5.24.26 PM.png,366,400,fresh_apple,22,13,341,376
Screen Shot 2018-06-08 at 5.24.35 PM.png,372,406,fresh_apple,12,12,338,392
Screen Shot 2018-06-08 at 5.25.02 PM.png,350,322,fresh_apple,16,9,344,312
Screen Shot 2018-06-08 at 5.25.22 PM.png,274,316,fresh_apple,11,18,250,294
Screen Shot 2018-06-08 at 5.25.33 PM.png,400,408,fresh_apple,15,16,372,395
Screen Shot 2018-06-08 at 5.25.37 PM.png,390,396,fresh_apple,30,18,356,373
Screen Shot 2018-06-08 at 5.25.49 PM.png,226,210,fresh_apple,19,9,207,191
Screen Shot 2018-06-08 at 5.25.54 PM.png,410,364,fresh_apple,29,8,360,348
Screen Shot 2018-06-08 at 5.26.05 PM.png,462,466,fresh_apple,7,7,446,454
Screen Shot 2018-06-08 at 5.26.13 PM.png,368,358,fresh_apple,30,12,358,342
Screen Shot 2018-06-08 at 5.26.24 PM.png,336,374,fresh_apple,8,9,310,363
Screen Shot 2018-06-08 at 5.26.29 PM.png,352,334,fresh_apple,20,14,307,329
Screen Shot 2018-06-08 at 5.26.36 PM.png,376,394,fresh_apple,21,4,351,381
Screen Shot 2018-06-08 at 5.26.41 PM.png,240,256,fresh_apple,21,4,229,234
Screen Shot 2018-06-08 at 5.26.47 PM.png,208,224,fresh_apple,11,6,201,207
Screen Shot 2018-06-08 at 5.26.52 PM.png,224,258,fresh_apple,11,12,210,239
Screen Shot 2018-06-08 at 5.26.58 PM.png,440,448,fresh_apple,26,28,432,434
Screen Shot 2018-06-08 at 5.27.13 PM.png,366,352,fresh_apple,9,5,343,347
Screen Shot 2018-06-08 at 5.27.19 PM.png,376,386,fresh_apple,8,12,366,379
Screen Shot 2018-06-08 at 5.27.27 PM.png,376,384,fresh_apple,3,13,355,373
Screen Shot 2018-06-08 at 5.27.49 PM.png,438,472,fresh_apple,16,5,420,452
Screen Shot 2018-06-08 at 5.28.10 PM.png,474,416,fresh_apple,10,2,455,404
Screen Shot 2018-06-08 at 5.28.15 PM.png,150,154,fresh_apple,2,8,140,140
Screen Shot 2018-06-08 at 5.28.32 PM.png,152,154,fresh_apple,4,5,144,149
Screen Shot 2018-06-08 at 5.28.38 PM.png,164,154,fresh_apple,7,7,145,137
Screen Shot 2018-06-08 at 5.28.42 PM.png,150,142,fresh_apple,10,13,141,141
Screen Shot 2018-06-08 at 5.28.48 PM.png,168,158,fresh_apple,4,3,160,141
Screen Shot 2018-06-08 at 5.29.07 PM.png,528,464,fresh_apple,3,8,495,458
Screen Shot 2018-06-08 at 5.29.24 PM.png,210,158,fresh_apple,30,8,192,155
Screen Shot 2018-06-08 at 5.29.31 PM.png,400,422,fresh_apple,11,11,392,414
Screen Shot 2018-06-08 at 5.32.33 PM.png,422,414,fresh_apple,19,1,402,396
Screen Shot 2018-06-08 at 5.33.05 PM.png,272,346,fresh_apple,11,19,272,330
Screen Shot 2018-06-08 at 5.33.11 PM.png,344,338,fresh_apple,12,5,337,338
Screen Shot 2018-06-08 at 5.33.18 PM.png,288,320,fresh_apple,6,16,288,298
Screen Shot 2018-06-08 at 5.33.27 PM.png,324,324,fresh_apple,12,18,315,306
Screen Shot 2018-06-08 at 5.33.33 PM.png,246,248,fresh_apple,3,9,246,240
Screen Shot 2018-06-08 at 5.33.47 PM.png,326,278,fresh_apple,2,7,326,256
Screen Shot 2018-06-08 at 5.33.55 PM.png,376,342,fresh_apple,3,5,365,320
Screen Shot 2018-06-08 at 5.34.01 PM.png,362,332,fresh_apple,5,5,355,323
Screen Shot 2018-06-08 at 5.34.14 PM.png,458,434,fresh_apple,15,9,434,428
Screen Shot 2018-06-08 at 5.34.21 PM.png,374,402,fresh_apple,7,13,341,402
translation_Screen Shot 2018-06-08 at 4.59.44 PM.png,470,386,fresh_apple,104,47,444,374
translation_Screen Shot 2018-06-08 at 4.59.49 PM.png,416,402,fresh_apple,56,42,406,396
translation_Screen Shot 2018-06-08 at 4.59.57 PM.png,436,452,fresh_apple,43,42,430,449
translation_Screen Shot 2018-06-08 at 5.00.03 PM.png,412,418,fresh_apple,50,42,411,418
translation_Screen Shot 2018-06-08 at 5.00.12 PM.png,388,428,fresh_apple,46,36,388,427
translation_Screen Shot 2018-06-08 at 5.00.26 PM.png,414,420,fresh_apple,53,49,414,418
translation_Screen Shot 2018-06-08 at 5.00.35 PM.png,416,448,fresh_apple,45,39,414,446
translation_Screen Shot 2018-06-08 at 5.00.43 PM.png,436,472,fresh_apple,55,44,436,468
translation_Screen Shot 2018-06-08 at 5.00.50 PM.png,454,456,fresh_apple,34,77,454,445
translation_Screen Shot 2018-06-08 at 5.01.01 PM.png,374,398,fresh_apple,47,40,374,395
translation_Screen Shot 2018-06-08 at 5.01.08 PM.png,450,460,fresh_apple,52,33,450,458
translation_Screen Shot 2018-06-08 at 5.01.22 PM.png,448,426,fresh_apple,69,44,447,424
translation_Screen Shot 2018-06-08 at 5.01.29 PM.png,360,366,fresh_apple,59,52,340,366
translation_Screen Shot 2018-06-08 at 5.01.34 PM.png,382,402,fresh_apple,57,55,378,402
translation_Screen Shot 2018-06-08 at 5.01.41 PM.png,476,442,fresh_apple,58,38,471,442
translation_Screen Shot 2018-06-08 at 5.02.08 PM.png,382,350,fresh_apple,56,51,377,350
translation_Screen Shot 2018-06-08 at 5.02.24 PM.png,384,398,fresh_apple,38,42,383,398
translation_Screen Shot 2018-06-08 at 5.02.31 PM.png,388,408,fresh_apple,55,36,388,406
translation_Screen Shot 2018-06-08 at 5.02.38 PM.png,410,358,fresh_apple,69,41,378,352
translation_Screen Shot 2018-06-08 at 5.02.48 PM.png,298,308,fresh_apple,58,37,298,306
translation_Screen Shot 2018-06-08 at 5.02.54 PM.png,284,310,fresh_apple,41,38,280,310
translation_Screen Shot 2018-06-08 at 5.03.05 PM.png,328,344,fresh_apple,50,56,328,342
translation_Screen Shot 2018-06-08 at 5.03.26 PM.png,348,400,fresh_apple,42,39,337,397
translation_Screen Shot 2018-06-08 at 5.03.34 PM.png,484,430,fresh_apple,65,38,484,429
translation_Screen Shot 2018-06-08 at 5.03.40 PM.png,426,422,fresh_apple,51,37,425,416
translation_Screen Shot 2018-06-08 at 5.03.47 PM.png,370,350,fresh_apple,41,33,370,345
translation_Screen Shot 2018-06-08 at 5.03.59 PM.png,414,418,fresh_apple,50,48,414,410
translation_Screen Shot 2018-06-08 at 5.04.05 PM.png,466,464,fresh_apple,44,45,461,461
translation_Screen Shot 2018-06-08 at 5.04.11 PM.png,308,366,fresh_apple,54,36,307,366
translation_Screen Shot 2018-06-08 at 5.04.16 PM.png,354,336,fresh_apple,57,46,318,336
translation_Screen Shot 2018-06-08 at 5.04.24 PM.png,364,324,fresh_apple,79,46,350,324
translation_Screen Shot 2018-06-08 at 5.04.31 PM.png,390,418,fresh_apple,46,41,380,418
translation_Screen Shot 2018-06-08 at 5.04.42 PM.png,472,414,fresh_apple,55,49,469,414
translation_Screen Shot 2018-06-08 at 5.04.48 PM.png,176,160,fresh_apple,44,42,176,158
translation_Screen Shot 2018-06-08 at 5.04.59 PM.png,188,178,fresh_apple,50,36,188,177
translation_Screen Shot 2018-06-08 at 5.05.06 PM.png,180,160,fresh_apple,41,41,180,159
translation_Screen Shot 2018-06-08 at 5.05.12 PM.png,180,172,fresh_apple,40,44,179,172
translation_Screen Shot 2018-06-08 at 5.05.18 PM.png,184,172,fresh_apple,58,38,184,171
translation_Screen Shot 2018-06-08 at 5.05.27 PM.png,434,442,fresh_apple,61,43,429,442
translation_Screen Shot 2018-06-08 at 5.05.34 PM.png,378,370,fresh_apple,54,36,375,370
translation_Screen Shot 2018-06-08 at 5.05.41 PM.png,468,430,fresh_apple,55,26,467,430
translation_Screen Shot 2018-06-08 at 5.05.48 PM.png,416,448,fresh_apple,54,30,408,448
translation_Screen Shot 2018-06-08 at 5.06.10 PM.png,352,358,fresh_apple,71,29,350,358
translation_Screen Shot 2018-06-08 at 5.06.19 PM.png,200,152,fresh_apple,64,38,198,152
translation_Screen Shot 2018-06-08 at 5.06.23 PM.png,194,156,fresh_apple,58,35,186,156
translation_Screen Shot 2018-06-08 at 5.06.28 PM.png,164,156,fresh_apple,40,40,163,156
translation_Screen Shot 2018-06-08 at 5.06.33 PM.png,212,152,fresh_apple,59,33,202,152
translation_Screen Shot 2018-06-08 at 5.06.40 PM.png,476,428,fresh_apple,77,33,473,428
translation_Screen Shot 2018-06-08 at 5.06.47 PM.png,472,462,fresh_apple,49,39,472,462
translation_Screen Shot 2018-06-08 at 5.06.54 PM.png,250,224,fresh_apple,44,35,245,224
translation_Screen Shot 2018-06-08 at 5.07.18 PM.png,328,278,fresh_apple,74,59,307,278
translation_Screen Shot 2018-06-08 at 5.07.26 PM.png,392,370,fresh_apple,45,44,392,368
translation_Screen Shot 2018-06-08 at 5.07.52 PM.png,262,298,fresh_apple,36,33,262,295
translation_Screen Shot 2018-06-08 at 5.08.05 PM.png,380,446,fresh_apple,46,43,380,439
translation_Screen Shot 2018-06-08 at 5.08.46 PM.png,406,400,fresh_apple,47,42,405,400
translation_Screen Shot 2018-06-08 at 5.08.52 PM.png,230,222,fresh_apple,60,45,230,219
translation_Screen Shot 2018-06-08 at 5.08.58 PM.png,230,204,fresh_apple,42,36,230,202
translation_Screen Shot 2018-06-08 at 5.09.03 PM.png,400,380,fresh_apple,67,51,396,380
translation_Screen Shot 2018-06-08 at 5.09.10 PM.png,390,432,fresh_apple,46,44,390,430
translation_Screen Shot 2018-06-08 at 5.09.17 PM.png,396,418,fresh_apple,51,34,396,417
translation_Screen Shot 2018-06-08 at 5.09.25 PM.png,356,390,fresh_apple,43,45,352,390
translation_Screen Shot 2018-06-08 at 5.09.31 PM.png,202,208,fresh_apple,47,34,201,208
translation_Screen Shot 2018-06-08 at 5.09.40 PM.png,214,196,fresh_apple,40,34,214,194
translation_Screen Shot 2018-06-08 at 5.09.54 PM.png,198,208,fresh_apple,38,40,198,206
translation_Screen Shot 2018-06-08 at 5.10.03 PM.png,382,386,fresh_apple,64,54,369,386
translation_Screen Shot 2018-06-08 at 5.10.11 PM.png,406,442,fresh_apple,47,34,406,438
translation_Screen Shot 2018-06-08 at 5.10.21 PM.png,340,394,fresh_apple,50,32,340,388
translation_Screen Shot 2018-06-08 at 5.10.29 PM.png,206,210,fresh_apple,44,37,205,210
translation_Screen Shot 2018-06-08 at 5.10.37 PM.png,200,216,fresh_apple,41,41,199,216
translation_Screen Shot 2018-06-08 at 5.10.43 PM.png,214,198,fresh_apple,41,34,214,197
translation_Screen Shot 2018-06-08 at 5.11.02 PM.png,450,450,fresh_apple,50,32,450,446
translation_Screen Shot 2018-06-08 at 5.11.16 PM.png,478,468,fresh_apple,50,41,474,468
translation_Screen Shot 2018-06-08 at 5.11.24 PM.png,584,510,fresh_apple,56,37,558,510
translation_Screen Shot 2018-06-08 at 5.11.35 PM.png,346,318,fresh_apple,72,44,341,318
Screen Shot 2018-06-07 at 2.15.20 PM.png,368,396,rotten_apple,12,8,364,385
Screen Shot 2018-06-07 at 2.15.50 PM.png,504,484,rotten_apple,3,14,499,481
Screen Shot 2018-06-07 at 2.16.18 PM.png,428,418,rotten_apple,31,39,405,385
Screen Shot 2018-06-07 at 2.16.41 PM.png,358,390,rotten_apple,12,19,358,387
Screen Shot 2018-06-07 at 2.17.15 PM.png,370,338,rotten_apple,23,17,329,309
Screen Shot 2018-06-07 at 2.17.25 PM.png,538,466,rotten_apple,23,1,527,464
Screen Shot 2018-06-07 at 2.18.13 PM.png,290,342,rotten_apple,16,14,262,306
Screen Shot 2018-06-07 at 2.18.57 PM.png,520,492,rotten_apple,15,7,512,484
Screen Shot 2018-06-07 at 2.19.15 PM.png,484,478,rotten_apple,15,5,467,466
Screen Shot 2018-06-07 at 2.19.37 PM.png,392,372,rotten_apple,29,15,363,352
Screen Shot 2018-06-07 at 2.19.46 PM.png,436,434,rotten_apple,11,6,426,427
Screen Shot 2018-06-07 at 2.20.29 PM.png,318,302,rotten_apple,17,15,258,264
Screen Shot 2018-06-07 at 2.20.46 PM.png,420,338,rotten_apple,44,1,369,330
Screen Shot 2018-06-07 at 2.20.56 PM.png,442,360,rotten_apple,16,19,392,351
Screen Shot 2018-06-07 at 2.22.00 PM.png,418,408,rotten_apple,24,1,396,406
Screen Shot 2018-06-07 at 2.23.02 PM.png,238,254,rotten_apple,16,3,218,239
Screen Shot 2018-06-07 at 2.23.24 PM.png,404,392,rotten_apple,29,5,394,387
Screen Shot 2018-06-07 at 2.23.40 PM.png,320,318,rotten_apple,7,6,273,318
Screen Shot 2018-06-07 at 2.23.51 PM.png,386,360,rotten_apple,19,15,364,350
Screen Shot 2018-06-07 at 2.24.02 PM.png,336,330,rotten_apple,23,23,320,324
Screen Shot 2018-06-07 at 2.24.35 PM.png,424,404,rotten_apple,35,8,393,372
Screen Shot 2018-06-07 at 2.24.47 PM.png,334,300,rotten_apple,45,14,304,283
Screen Shot 2018-06-07 at 2.24.59 PM.png,328,324,rotten_apple,11,16,309,317
Screen Shot 2018-06-07 at 2.25.16 PM.png,258,252,rotten_apple,16,10,229,231
Screen Shot 2018-06-07 at 2.25.26 PM.png,488,432,rotten_apple,36,6,460,421
Screen Shot 2018-06-07 at 2.31.43 PM.png,342,334,rotten_apple,29,9,288,314
Screen Shot 2018-06-07 at 2.31.59 PM.png,376,358,rotten_apple,30,13,354,358
Screen Shot 2018-06-07 at 2.33.38 PM.png,310,308,rotten_apple,10,4,300,284
Screen Shot 2018-06-07 at 2.33.47 PM.png,400,338,rotten_apple,40,12,368,337
Screen Shot 2018-06-07 at 2.34.18 PM.png,406,382,rotten_apple,20,10,392,375
Screen Shot 2018-06-07 at 2.34.36 PM.png,384,390,rotten_apple,6,14,368,380
Screen Shot 2018-06-07 at 2.35.10 PM.png,362,318,rotten_apple,29,5,337,292
Screen Shot 2018-06-07 at 2.35.21 PM.png,340,412,rotten_apple,1,3,332,412
Screen Shot 2018-06-07 at 2.36.06 PM.png,240,242,rotten_apple,8,13,214,218
Screen Shot 2018-06-07 at 2.36.21 PM.png,200,226,rotten_apple,8,18,189,215
Screen Shot 2018-06-07 at 2.37.01 PM.png,374,348,rotten_apple,22,5,360,348
Screen Shot 2018-06-07 at 2.37.11 PM.png,464,396,rotten_apple,14,1,453,379
Screen Shot 2018-06-07 at 2.37.20 PM.png,300,266,rotten_apple,10,13,295,263
Screen Shot 2018-06-07 at 2.37.32 PM.png,386,386,rotten_apple,2,2,368,386
Screen Shot 2018-06-07 at 2.37.43 PM.png,226,202,rotten_apple,19,6,205,186
Screen Shot 2018-06-07 at 2.38.04 PM.png,588,440,rotten_apple,50,36,556,415
Screen Shot 2018-06-07 at 2.38.28 PM.png,200,208,rotten_apple,34,6,189,194
Screen Shot 2018-06-07 at 2.38.38 PM.png,424,390,rotten_apple,16,10,416,390
Screen Shot 2018-06-07 at 2.38.49 PM.png,406,390,rotten_apple,7,10,374,375
Screen Shot 2018-06-07 at 2.39.26 PM.png,344,322,rotten_apple,46,3,297,309
Screen Shot 2018-06-07 at 2.40.00 PM.png,380,396,rotten_apple,31,10,343,388
Screen Shot 2018-06-07 at 2.40.13 PM.png,382,408,rotten_apple,42,4,361,406
Screen Shot 2018-06-07 at 2.40.28 PM.png,424,366,rotten_apple,22,2,386,355
Screen Shot 2018-06-07 at 2.40.48 PM.png,432,374,rotten_apple,41,1,412,360
Screen Shot 2018-06-07 at 2.40.55 PM.png,408,354,rotten_apple,15,10,366,328
Screen Shot 2018-06-07 at 2.41.07 PM.png,444,368,rotten_apple,38,11,421,366
Screen Shot 2018-06-07 at 2.41.23 PM.png,396,400,rotten_apple,23,15,365,388
Screen Shot 2018-06-07 at 2.41.32 PM.png,414,404,rotten_apple,27,2,377,380
Screen Shot 2018-06-07 at 2.42.18 PM.png,448,400,rotten_apple,45,7,401,383
Screen Shot 2018-06-07 at 2.42.25 PM.png,412,398,rotten_apple,28,10,379,378
Screen Shot 2018-06-07 at 2.42.58 PM.png,318,294,rotten_apple,26,28,296,270
Screen Shot 2018-06-07 at 2.43.07 PM.png,234,270,rotten_apple,15,19,227,242
Screen Shot 2018-06-07 at 2.43.13 PM.png,458,420,rotten_apple,52,2,450,416
Screen Shot 2018-06-07 at 2.43.26 PM.png,478,426,rotten_apple,14,11,452,413
Screen Shot 2018-06-07 at 2.43.34 PM.png,396,366,rotten_apple,17,22,377,342
Screen Shot 2018-06-07 at 2.43.54 PM.png,474,428,rotten_apple,40,6,452,406
Screen Shot 2018-06-07 at 2.44.05 PM.png,256,250,rotten_apple,15,14,249,238
Screen Shot 2018-06-07 at 2.44.26 PM.png,340,352,rotten_apple,12,21,328,338
Screen Shot 2018-06-07 at 2.44.51 PM.png,350,408,rotten_apple,16,9,350,390
Screen Shot 2018-06-07 at 2.44.59 PM.png,390,374,rotten_apple,42,10,368,369
Screen Shot 2018-06-07 at 2.45.09 PM.png,224,218,rotten_apple,17,18,198,209
Screen Shot 2018-06-07 at 2.45.18 PM.png,292,310,rotten_apple,16,22,292,297
Screen Shot 2018-06-07 at 2.45.35 PM.png,244,240,rotten_apple,9,2,208,226
Screen Shot 2018-06-07 at 2.45.44 PM.png,330,290,rotten_apple,20,4,305,264
Screen Shot 2018-06-07 at 2.45.55 PM.png,304,286,rotten_apple,21,4,267,248
Screen Shot 2018-06-07 at 2.46.04 PM.png,322,294,rotten_apple,1,21,305,274
Screen Shot 2018-06-07 at 2.46.12 PM.png,312,266,rotten_apple,13,3,270,259
Screen Shot 2018-06-07 at 2.46.22 PM.png,222,244,rotten_apple,5,20,194,230
Screen Shot 2018-06-07 at 2.46.43 PM.png,356,342,rotten_apple,24,2,343,337
Screen Shot 2018-06-07 at 2.46.52 PM.png,440,394,rotten_apple,28,7,382,394
Screen Shot 2018-06-07 at 2.47.01 PM.png,434,406,rotten_apple,38,5,400,401
Screen Shot 2018-06-07 at 2.47.13 PM.png,466,430,rotten_apple,27,5,459,421
Screen Shot 2018-06-07 at 2.47.20 PM.png,452,440,rotten_apple,21,1,435,435
Screen Shot 2018-06-07 at 2.47.27 PM.png,452,382,rotten_apple,19,4,425,382
Screen Shot 2018-06-07 at 2.47.35 PM.png,410,388,rotten_apple,25,1,378,369
Screen Shot 2018-06-07 at 2.50.09 PM.png,382,342,rotten_apple,17,12,329,324
Screen Shot 2018-06-07 at 2.50.31 PM.png,374,314,rotten_apple,22,16,312,284
Screen Shot 2018-06-07 at 2.50.43 PM.png,254,226,rotten_apple,17,9,216,217
Screen Shot 2018-06-07 at 2.50.52 PM.png,234,218,rotten_apple,21,4,225,212
Screen Shot 2018-06-07 at 2.51.01 PM.png,278,298,rotten_apple,3,9,266,287
Screen Shot 2018-06-07 at 2.52.00 PM.png,262,228,rotten_apple,18,7,246,212
Screen Shot 2018-06-07 at 2.52.09 PM.png,422,376,rotten_apple,15,7,415,367
Screen Shot 2018-06-07 at 2.52.22 PM.png,318,342,rotten_apple,7,24,312,328
Screen Shot 2018-06-07 at 2.52.30 PM.png,326,350,rotten_apple,14,2,326,341
Screen Shot 2018-06-07 at 2.52.44 PM.png,516,456,rotten_apple,20,1,487,447
Screen Shot 2018-06-07 at 2.53.20 PM.png,352,358,rotten_apple,1,15,310,358
Screen Shot 2018-06-07 at 2.53.33 PM.png,334,408,rotten_apple,13,10,331,384
Screen Shot 2018-06-07 at 2.54.08 PM.png,390,374,rotten_apple,18,1,363,317
Screen Shot 2018-06-07 at 2.54.49 PM.png,396,362,rotten_apple,47,3,359,347
Screen Shot 2018-06-07 at 2.54.58 PM.png,232,272,rotten_apple,7,28,220,257
Screen Shot 2018-06-07 at 2.55.27 PM.png,396,374,rotten_apple,16,25,394,361
Screen Shot 2018-06-07 at 2.55.52 PM.png,408,366,rotten_apple,22,12,386,343
Screen Shot 2018-06-07 at 2.56.09 PM.png,478,422,rotten_apple,14,3,457,405
Screen Shot 2018-06-07 at 2.56.16 PM.png,546,474,rotten_apple,30,16,537,462
Screen Shot 2018-06-07 at 2.56.34 PM.png,380,374,rotten_apple,24,14,358,355
Screen Shot 2018-06-07 at 2.56.57 PM.png,440,356,rotten_apple,40,17,373,311
Screen Shot 2018-06-07 at 2.57.05 PM.png,342,298,rotten_apple,22,1,299,282
Screen Shot 2018-06-07 at 2.57.13 PM.png,342,348,rotten_apple,32,12,329,315
Screen Shot 2018-06-07 at 2.57.17 PM.png,402,304,rotten_apple,25,6,352,289
Screen Shot 2018-06-07 at 2.57.26 PM.png,494,444,rotten_apple,38,10,481,438
Screen Shot 2018-06-07 at 2.57.42 PM.png,372,360,rotten_apple,27,10,353,331
Screen Shot 2018-06-07 at 2.57.49 PM.png,326,280,rotten_apple,18,14,265,227
Screen Shot 2018-06-07 at 2.58.17 PM.png,342,316,rotten_apple,16,19,287,303
Screen Shot 2018-06-07 at 2.58.47 PM.png,288,322,rotten_apple,25,23,260,264
Screen Shot 2018-06-07 at 2.58.57 PM.png,398,354,rotten_apple,34,16,373,320
Screen Shot 2018-06-07 at 2.59.38 PM.png,388,374,rotten_apple,20,12,369,352
Screen Shot 2018-06-07 at 2.59.52 PM.png,514,448,rotten_apple,47,4,505,436
Screen Shot 2018-06-07 at 3.00.00 PM.png,444,382,rotten_apple,5,3,426,366
Screen Shot 2018-06-07 at 3.00.17 PM.png,456,430,rotten_apple,12,21,433,409
Screen Shot 2018-06-07 at 3.00.33 PM.png,440,406,rotten_apple,21,5,413,379
Screen Shot 2018-06-07 at 3.00.40 PM.png,472,432,rotten_apple,22,16,445,418
Screen Shot 2018-06-07 at 3.00.46 PM.png,440,420,rotten_apple,30,14,428,402
Screen Shot 2018-06-07 at 3.00.56 PM.png,378,354,rotten_apple,32,31,357,339
Screen Shot 2018-06-07 at 3.01.09 PM.png,398,378,rotten_apple,13,28,383,363
Screen Shot 2018-06-07 at 3.01.21 PM.png,248,228,rotten_apple,10,1,233,224
Screen Shot 2018-06-07 at 3.01.54 PM.png,252,252,rotten_apple,9,5,237,228
Screen Shot 2018-06-07 at 3.02.02 PM.png,340,338,rotten_apple,13,10,318,324
Screen Shot 2018-06-07 at 3.02.09 PM.png,404,376,rotten_apple,11,15,379,361
Screen Shot 2018-06-07 at 3.02.18 PM.png,402,360,rotten_apple,39,12,375,350
Screen Shot 2018-06-07 at 3.02.24 PM.png,360,346,rotten_apple,36,5,333,346
Screen Shot 2018-06-07 at 3.02.51 PM.png,306,280,rotten_apple,25,11,267,254
Screen Shot 2018-06-07 at 3.03.12 PM.png,356,356,rotten_apple,18,15,335,334
Screen Shot 2018-06-07 at 3.03.21 PM.png,286,274,rotten_apple,27,14,243,242
Screen Shot 2018-06-07 at 3.03.38 PM.png,368,388,rotten_apple,20,12,343,365
Screen Shot 2018-06-07 at 3.03.46 PM.png,360,302,rotten_apple,12,2,328,293
Screen Shot 2018-06-07 at 3.03.58 PM.png,316,308,rotten_apple,4,12,280,287
Screen Shot 2018-06-07 at 3.04.24 PM.png,404,404,rotten_apple,26,23,374,381
Screen Shot 2018-06-07 at 3.04.35 PM.png,286,274,rotten_apple,8,10,270,258
Screen Shot 2018-06-07 at 3.04.41 PM.png,330,318,rotten_apple,24,15,314,296
Screen Shot 2018-06-07 at 3.04.47 PM.png,322,264,rotten_apple,31,14,278,252
Screen Shot 2018-06-07 at 3.04.58 PM.png,236,208,rotten_apple,32,15,193,182
Screen Shot 2018-06-07 at 3.05.05 PM.png,410,378,rotten_apple,25,11,393,362
Screen Shot 2018-06-07 at 3.05.13 PM.png,318,326,rotten_apple,22,9,285,300
Screen Shot 2018-06-07 at 3.05.29 PM.png,480,418,rotten_apple,36,20,443,405
Screen Shot 2018-06-07 at 3.05.46 PM.png,406,370,rotten_apple,38,4,365,353
Screen Shot 2018-06-07 at 3.05.53 PM.png,430,328,rotten_apple,31,5,371,316
Screen Shot 2018-06-07 at 3.05.58 PM.png,446,392,rotten_apple,28,9,404,383
Screen Shot 2018-06-07 at 3.06.06 PM.png,368,364,rotten_apple,12,9,340,343
Screen Shot 2018-06-07 at 3.06.11 PM.png,392,352,rotten_apple,28,3,359,303
Screen Shot 2018-06-07 at 3.06.22 PM.png,490,420,rotten_apple,28,9,461,413
Screen Shot 2018-06-07 at 3.06.51 PM.png,426,342,rotten_apple,24,7,372,339
Screen Shot 2018-06-07 at 3.17.25 PM.png,444,408,rotten_apple,23,8,428,388
Screen Shot 2018-06-08 at 2.21.33 PM.png,480,424,rotten_apple,30,21,451,393
Screen Shot 2018-06-08 at 2.23.40 PM.png,408,356,rotten_apple,21,11,364,329
Screen Shot 2018-06-08 at 2.23.48 PM.png,494,416,rotten_apple,36,13,481,402
Screen Shot 2018-06-08 at 2.24.09 PM.png,366,342,rotten_apple,30,26,323,326
Screen Shot 2018-06-08 at 2.24.15 PM.png,400,382,rotten_apple,27,5,365,361
Screen Shot 2018-06-08 at 2.24.31 PM.png,430,374,rotten_apple,15,10,413,366
Screen Shot 2018-06-08 at 2.24.37 PM.png,406,380,rotten_apple,14,5,367,365
Screen Shot 2018-06-08 at 2.25.43 PM.png,470,442,rotten_apple,36,13,452,411
Screen Shot 2018-06-08 at 2.26.14 PM.png,370,360,rotten_apple,23,16,332,320
Screen Shot 2018-06-08 at 2.26.34 PM.png,376,362,rotten_apple,11,5,373,345
Screen Shot 2018-06-08 at 2.26.44 PM.png,402,426,rotten_apple,12,4,394,413
Screen Shot 2018-06-08 at 2.27.15 PM.png,380,364,rotten_apple,11,2,346,347
Screen Shot 2018-06-08 at 2.27.44 PM.png,418,428,rotten_apple,31,10,391,394
Screen Shot 2018-06-08 at 2.28.00 PM.png,334,300,rotten_apple,40,24,293,274
Screen Shot 2018-06-08 at 2.28.12 PM.png,304,282,rotten_apple,20,10,267,251
Screen Shot 2018-06-08 at 2.28.23 PM.png,432,400,rotten_apple,32,16,380,366
Screen Shot 2018-06-08 at 2.28.42 PM.png,232,202,rotten_apple,39,11,183,161
Screen Shot 2018-06-08 at 2.29.33 PM.png,396,340,rotten_apple,28,8,345,322
Screen Shot 2018-06-08 at 2.29.55 PM.png,386,350,rotten_apple,14,5,335,333
Screen Shot 2018-06-08 at 2.30.03 PM.png,484,420,rotten_apple,19,15,452,404
Screen Shot 2018-06-08 at 2.30.26 PM.png,444,366,rotten_apple,36,5,403,346
Screen Shot 2018-06-08 at 2.30.31 PM.png,432,386,rotten_apple,32,18,399,382
Screen Shot 2018-06-08 at 2.30.40 PM.png,416,366,rotten_apple,1,1,393,362
Screen Shot 2018-06-08 at 2.30.57 PM.png,452,370,rotten_apple,29,2,433,352
Screen Shot 2018-06-08 at 2.31.08 PM.png,422,392,rotten_apple,13,9,402,370
Screen Shot 2018-06-08 at 2.31.16 PM.png,394,384,rotten_apple,18,7,393,368
Screen Shot 2018-06-08 at 2.31.23 PM.png,432,380,rotten_apple,16,10,405,371
Screen Shot 2018-06-08 at 2.31.33 PM.png,300,284,rotten_apple,37,22,249,245
Screen Shot 2018-06-08 at 2.31.45 PM.png,408,354,rotten_apple,19,12,407,323
Screen Shot 2018-06-08 at 2.32.10 PM.png,374,408,rotten_apple,12,6,344,408
Screen Shot 2018-06-08 at 2.32.42 PM.png,254,260,rotten_apple,14,13,236,242
Screen Shot 2018-06-08 at 2.33.04 PM.png,344,352,rotten_apple,12,13,311,332
Screen Shot 2018-06-08 at 2.33.28 PM.png,308,340,rotten_apple,1,30,277,309
Screen Shot 2018-06-08 at 2.33.49 PM.png,360,314,rotten_apple,28,5,323,296
Screen Shot 2018-06-08 at 2.34.05 PM.png,432,406,rotten_apple,12,15,403,398
Screen Shot 2018-06-08 at 2.34.42 PM.png,386,372,rotten_apple,18,25,375,352
Screen Shot 2018-06-08 at 2.34.51 PM.png,398,380,rotten_apple,27,10,364,354
Screen Shot 2018-06-08 at 2.35.03 PM.png,384,376,rotten_apple,30,10,333,354
Screen Shot 2018-06-08 at 2.35.10 PM.png,474,414,rotten_apple,14,16,389,403
Screen Shot 2018-06-08 at 2.35.25 PM.png,374,350,rotten_apple,55,19,337,306
Screen Shot 2018-06-08 at 2.35.32 PM.png,336,336,rotten_apple,34,23,305,325
Screen Shot 2018-06-08 at 2.35.37 PM.png,320,328,rotten_apple,4,1,290,286
Screen Shot 2018-06-08 at 2.36.01 PM.png,446,384,rotten_apple,26,7,398,367
Screen Shot 2018-06-08 at 2.36.18 PM.png,244,214,rotten_apple,36,17,210,184
Screen Shot 2018-06-08 at 2.36.23 PM.png,210,194,rotten_apple,14,9,167,174
Screen Shot 2018-06-08 at 2.36.31 PM.png,238,216,rotten_apple,13,1,186,191
Screen Shot 2018-06-08 at 2.36.43 PM.png,364,324,rotten_apple,50,11,329,312
Screen Shot 2018-06-08 at 2.36.55 PM.png,372,368,rotten_apple,20,14,347,348
Screen Shot 2018-06-08 at 2.37.13 PM.png,492,424,rotten_apple,21,24,429,415
Screen Shot 2018-06-08 at 2.37.19 PM.png,406,394,rotten_apple,14,23,376,372
Screen Shot 2018-06-08 at 2.37.24 PM.png,336,346,rotten_apple,20,4,316,318
Screen Shot 2018-06-08 at 2.37.53 PM.png,444,402,rotten_apple,44,25,424,389
Screen Shot 2018-06-08 at 2.38.08 PM.png,416,358,rotten_apple,25,18,410,346
Screen Shot 2018-06-08 at 2.38.33 PM.png,368,360,rotten_apple,8,25,340,331
Screen Shot 2018-06-08 at 2.38.47 PM.png,390,366,rotten_apple,37,32,347,361
Screen Shot 2018-06-08 at 2.38.54 PM.png,444,440,rotten_apple,11,36,426,424
Screen Shot 2018-06-08 at 2.39.02 PM.png,412,350,rotten_apple,23,6,384,323
Screen Shot 2018-06-08 at 2.39.21 PM.png,430,400,rotten_apple,23,10,396,393
Screen Shot 2018-06-08 at 2.39.26 PM.png,394,342,rotten_apple,29,9,360,323
Screen Shot 2018-06-08 at 2.39.35 PM.png,236,230,rotten_apple,49,29,199,207
Screen Shot 2018-06-08 at 2.40.09 PM.png,358,290,rotten_apple,33,7,312,279
Screen Shot 2018-06-08 at 2.40.13 PM.png,344,338,rotten_apple,8,17,317,323
Screen Shot 2018-06-08 at 2.40.30 PM.png,424,378,rotten_apple,27,10,395,357
Screen Shot 2018-06-08 at 2.40.38 PM.png,350,340,rotten_apple,17,7,302,310
Screen Shot 2018-06-08 at 2.40.46 PM.png,314,306,rotten_apple,10,4,282,293
Screen Shot 2018-06-08 at 2.40.56 PM.png,390,424,rotten_apple,11,11,361,411
Screen Shot 2018-06-08 at 2.41.16 PM.png,264,240,rotten_apple,20,9,251,223
Screen Shot 2018-06-08 at 2.41.39 PM.png,386,358,rotten_apple,28,19,350,333
Screen Shot 2018-06-08 at 2.41.44 PM.png,382,352,rotten_apple,35,15,359,330
Screen Shot 2018-06-08 at 2.41.54 PM.png,312,376,rotten_apple,41,49,309,356
Screen Shot 2018-06-08 at 2.42.06 PM.png,390,396,rotten_apple,13,16,365,375
Screen Shot 2018-06-08 at 2.42.22 PM.png,356,344,rotten_apple,7,6,332,320
Screen Shot 2018-06-08 at 2.42.38 PM.png,450,400,rotten_apple,22,13,402,395
Screen Shot 2018-06-08 at 2.42.52 PM.png,324,312,rotten_apple,38,15,285,285
Screen Shot 2018-06-08 at 2.43.29 PM.png,332,304,rotten_apple,23,8,299,284
Screen Shot 2018-06-08 at 2.44.13 PM.png,376,310,rotten_apple,28,6,340,309
Screen Shot 2018-06-08 at 2.44.54 PM.png,406,350,rotten_apple,43,32,354,337
Screen Shot 2018-06-08 at 2.45.05 PM.png,350,332,rotten_apple,20,16,324,314
Screen Shot 2018-06-08 at 2.45.50 PM.png,280,220,rotten_apple,20,15,246,216
Screen Shot 2018-06-08 at 2.45.58 PM.png,350,310,rotten_apple,30,25,316,299
Screen Shot 2018-06-08 at 2.46.36 PM.png,434,404,rotten_apple,17,20,394,389
Screen Shot 2018-06-08 at 2.46.44 PM.png,340,346,rotten_apple,19,21,307,331
Screen Shot 2018-06-08 at 2.46.50 PM.png,408,390,rotten_apple,22,14,382,366
Screen Shot 2018-06-08 at 2.47.03 PM.png,412,354,rotten_apple,17,8,397,334
Screen Shot 2018-06-08 at 2.47.09 PM.png,438,368,rotten_apple,23,1,421,349
Screen Shot 2018-06-08 at 2.47.30 PM.png,382,370,rotten_apple,17,19,357,356
Screen Shot 2018-06-08 at 2.47.37 PM.png,404,356,rotten_apple,10,5,378,339
Screen Shot 2018-06-08 at 2.47.49 PM.png,460,376,rotten_apple,37,9,447,362
Screen Shot 2018-06-08 at 2.47.54 PM.png,272,288,rotten_apple,11,25,244,252
Screen Shot 2018-06-08 at 2.48.00 PM.png,478,388,rotten_apple,35,7,471,384
Screen Shot 2018-06-08 at 2.48.15 PM.png,414,396,rotten_apple,13,17,390,381
Screen Shot 2018-06-08 at 2.48.29 PM.png,446,428,rotten_apple,8,7,438,425
Screen Shot 2018-06-08 at 2.48.52 PM.png,302,356,rotten_apple,24,10,279,349
Screen Shot 2018-06-08 at 2.49.27 PM.png,394,446,rotten_apple,13,11,367,441
Screen Shot 2018-06-08 at 2.49.40 PM.png,286,224,rotten_apple,13,21,228,202
Screen Shot 2018-06-08 at 2.50.22 PM.png,296,278,rotten_apple,20,24,262,254
Screen Shot 2018-06-08 at 2.50.33 PM.png,408,422,rotten_apple,13,10,395,399
Screen Shot 2018-06-08 at 2.50.38 PM.png,470,340,rotten_apple,31,1,433,340
Screen Shot 2018-06-08 at 2.50.55 PM.png,298,292,rotten_apple,20,19,288,274
Screen Shot 2018-06-08 at 2.51.09 PM.png,418,346,rotten_apple,37,23,357,334
Screen Shot 2018-06-08 at 2.51.43 PM.png,444,374,rotten_apple,26,11,417,365
Screen Shot 2018-06-08 at 2.51.55 PM.png,280,268,rotten_apple,24,15,257,240
Screen Shot 2018-06-08 at 2.52.05 PM.png,420,388,rotten_apple,34,24,384,357
Screen Shot 2018-06-08 at 2.52.20 PM.png,500,426,rotten_apple,28,7,468,403
Screen Shot 2018-06-08 at 2.52.43 PM.png,404,412,rotten_apple,17,18,376,388
Screen Shot 2018-06-08 at 2.53.14 PM.png,450,430,rotten_apple,56,16,426,418
translation_Screen Shot 2018-06-07 at 2.15.20 PM.png,368,396,rotten_apple,49,36,368,394
translation_Screen Shot 2018-06-07 at 2.15.34 PM.png,330,352,rotten_apple,57,45,330,351
translation_Screen Shot 2018-06-07 at 2.15.50 PM.png,504,484,rotten_apple,46,38,504,481
translation_Screen Shot 2018-06-07 at 2.16.54 PM.png,380,324,rotten_apple,55,40,354,324
translation_Screen Shot 2018-06-07 at 2.17.25 PM.png,538,466,rotten_apple,79,43,517,464
translation_Screen Shot 2018-06-07 at 2.18.25 PM.png,306,356,rotten_apple,54,64,306,343
translation_Screen Shot 2018-06-07 at 2.18.57 PM.png,520,492,rotten_apple,47,30,508,492
translation_Screen Shot 2018-06-07 at 2.19.15 PM.png,484,478,rotten_apple,38,33,484,473
translation_Screen Shot 2018-06-07 at 2.20.04 PM.png,492,394,rotten_apple,71,46,469,394
translation_Screen Shot 2018-06-07 at 2.20.29 PM.png,318,302,rotten_apple,62,47,291,301
translation_Screen Shot 2018-06-07 at 2.20.46 PM.png,420,338,rotten_apple,73,30,399,338
translation_Screen Shot 2018-06-07 at 2.20.56 PM.png,442,360,rotten_apple,71,35,418,356
translation_Screen Shot 2018-06-07 at 2.21.09 PM.png,364,328,rotten_apple,53,35,360,328
translation_Screen Shot 2018-06-07 at 2.22.39 PM.png,438,404,rotten_apple,49,45,413,404
translation_Screen Shot 2018-06-07 at 2.23.02 PM.png,238,254,rotten_apple,45,43,237,251
translation_Screen Shot 2018-06-07 at 2.23.24 PM.png,404,392,rotten_apple,51,44,403,392
translation_Screen Shot 2018-06-07 at 2.23.40 PM.png,320,318,rotten_apple,47,38,308,318
translation_Screen Shot 2018-06-07 at 2.23.51 PM.png,386,360,rotten_apple,59,41,386,354
translation_Screen Shot 2018-06-07 at 2.24.02 PM.png,336,330,rotten_apple,47,51,335,330
translation_Screen Shot 2018-06-07 at 2.24.35 PM.png,424,404,rotten_apple,65,32,416,404
translation_Screen Shot 2018-06-07 at 2.24.47 PM.png,334,300,rotten_apple,61,33,334,299
translation_Screen Shot 2018-06-07 at 2.24.59 PM.png,328,324,rotten_apple,44,43,328,322
translation_Screen Shot 2018-06-07 at 2.25.26 PM.png,488,432,rotten_apple,51,39,479,432
translation_Screen Shot 2018-06-07 at 2.31.43 PM.png,342,334,rotten_apple,64,47,319,332
translation_Screen Shot 2018-06-07 at 2.31.59 PM.png,376,358,rotten_apple,53,41,374,358
translation_Screen Shot 2018-06-07 at 2.33.38 PM.png,310,308,rotten_apple,39,39,310,305
translation_Screen Shot 2018-06-07 at 2.33.47 PM.png,400,338,rotten_apple,45,31,388,338
translation_Screen Shot 2018-06-07 at 2.34.18 PM.png,406,382,rotten_apple,60,40,405,378
translation_Screen Shot 2018-06-07 at 2.34.36 PM.png,384,390,rotten_apple,58,26,378,389
translation_Screen Shot 2018-06-07 at 2.34.49 PM.png,286,270,rotten_apple,65,41,280,265
translation_Screen Shot 2018-06-07 at 2.35.10 PM.png,362,318,rotten_apple,47,37,362,317
translation_Screen Shot 2018-06-07 at 2.35.38 PM.png,250,230,rotten_apple,40,43,250,224
translation_Screen Shot 2018-06-07 at 2.36.21 PM.png,200,226,rotten_apple,44,46,199,226
translation_Screen Shot 2018-06-07 at 2.37.11 PM.png,464,396,rotten_apple,47,38,464,390
translation_Screen Shot 2018-06-07 at 2.37.20 PM.png,300,266,rotten_apple,42,53,300,266
translation_Screen Shot 2018-06-07 at 2.37.32 PM.png,386,386,rotten_apple,42,28,382,386
translation_Screen Shot 2018-06-07 at 2.37.43 PM.png,226,202,rotten_apple,40,38,226,201
translation_Screen Shot 2018-06-07 at 2.37.53 PM.png,498,482,rotten_apple,80,55,449,480
translation_Screen Shot 2018-06-07 at 2.38.04 PM.png,588,440,rotten_apple,66,44,577,434
translation_Screen Shot 2018-06-07 at 2.38.13 PM.png,182,192,rotten_apple,49,40,182,191
translation_Screen Shot 2018-06-07 at 2.38.38 PM.png,424,390,rotten_apple,46,31,423,389
translation_Screen Shot 2018-06-07 at 2.38.49 PM.png,406,390,rotten_apple,51,52,405,382
translation_Screen Shot 2018-06-07 at 2.38.59 PM.png,470,436,rotten_apple,54,41,461,436
translation_Screen Shot 2018-06-07 at 2.39.35 PM.png,334,358,rotten_apple,43,34,334,349
translation_Screen Shot 2018-06-07 at 2.39.44 PM.png,232,202,rotten_apple,42,34,230,201
translation_Screen Shot 2018-06-07 at 2.39.53 PM.png,276,232,rotten_apple,54,47,269,232
translation_Screen Shot 2018-06-07 at 2.40.00 PM.png,380,396,rotten_apple,50,49,378,396
translation_Screen Shot 2018-06-07 at 2.40.13 PM.png,382,408,rotten_apple,51,38,382,406
translation_Screen Shot 2018-06-07 at 2.40.28 PM.png,424,366,rotten_apple,48,36,424,360
translation_Screen Shot 2018-06-07 at 2.40.55 PM.png,408,354,rotten_apple,52,43,402,352
translation_Screen Shot 2018-06-07 at 2.41.07 PM.png,444,368,rotten_apple,52,43,436,368
translation_Screen Shot 2018-06-07 at 2.41.14 PM.png,428,326,rotten_apple,59,48,413,326
translation_Screen Shot 2018-06-07 at 2.41.23 PM.png,396,400,rotten_apple,72,53,392,400
translation_Screen Shot 2018-06-07 at 2.41.32 PM.png,414,404,rotten_apple,46,39,409,404
translation_Screen Shot 2018-06-07 at 2.42.18 PM.png,448,400,rotten_apple,89,37,423,397
translation_Screen Shot 2018-06-07 at 2.42.25 PM.png,412,398,rotten_apple,48,38,388,394
translation_Screen Shot 2018-06-07 at 2.42.37 PM.png,380,404,rotten_apple,61,56,380,398
translation_Screen Shot 2018-06-07 at 2.42.58 PM.png,318,294,rotten_apple,58,55,304,294
translation_Screen Shot 2018-06-07 at 2.43.07 PM.png,234,270,rotten_apple,41,31,234,256
translation_Screen Shot 2018-06-07 at 2.43.13 PM.png,458,420,rotten_apple,64,41,456,420
translation_Screen Shot 2018-06-07 at 2.43.26 PM.png,478,426,rotten_apple,54,49,478,425
translation_Screen Shot 2018-06-07 at 2.43.34 PM.png,396,366,rotten_apple,49,49,389,366
translation_Screen Shot 2018-06-07 at 2.43.48 PM.png,398,346,rotten_apple,67,47,394,335
translation_Screen Shot 2018-06-07 at 2.43.54 PM.png,474,428,rotten_apple,55,38,468,428
translation_Screen Shot 2018-06-07 at 2.44.05 PM.png,256,250,rotten_apple,50,45,255,249
translation_Screen Shot 2018-06-07 at 2.44.36 PM.png,352,358,rotten_apple,32,37,349,358
translation_Screen Shot 2018-06-07 at 2.44.51 PM.png,350,408,rotten_apple,42,40,350,400
translation_Screen Shot 2018-06-07 at 2.45.09 PM.png,224,218,rotten_apple,47,48,224,212
translation_Screen Shot 2018-06-07 at 2.45.18 PM.png,292,310,rotten_apple,42,40,291,305
translation_Screen Shot 2018-06-07 at 2.45.35 PM.png,244,240,rotten_apple,34,34,244,239
translation_Screen Shot 2018-06-07 at 2.45.44 PM.png,330,290,rotten_apple,41,27,330,289
translation_Screen Shot 2018-06-07 at 2.45.55 PM.png,304,286,rotten_apple,49,42,297,270
translation_Screen Shot 2018-06-07 at 2.46.04 PM.png,322,294,rotten_apple,48,71,321,294
translation_Screen Shot 2018-06-07 at 2.46.12 PM.png,312,266,rotten_apple,69,57,293,266
translation_Screen Shot 2018-06-07 at 2.46.22 PM.png,222,244,rotten_apple,36,56,213,244
translation_Screen Shot 2018-06-07 at 2.46.43 PM.png,356,342,rotten_apple,60,46,356,341
translation_Screen Shot 2018-06-07 at 2.46.52 PM.png,440,394,rotten_apple,62,40,409,387
translation_Screen Shot 2018-06-07 at 2.47.01 PM.png,434,406,rotten_apple,63,40,425,403
translation_Screen Shot 2018-06-07 at 2.47.13 PM.png,466,430,rotten_apple,52,38,458,430
translation_Screen Shot 2018-06-07 at 2.47.20 PM.png,452,440,rotten_apple,53,45,451,440
translation_Screen Shot 2018-06-07 at 2.47.50 PM.png,438,406,rotten_apple,57,42,420,405
translation_Screen Shot 2018-06-07 at 2.50.31 PM.png,374,314,rotten_apple,52,39,344,309
translation_Screen Shot 2018-06-07 at 2.50.43 PM.png,254,226,rotten_apple,41,32,238,225
translation_Screen Shot 2018-06-07 at 2.51.01 PM.png,278,298,rotten_apple,35,40,278,296
translation_Screen Shot 2018-06-07 at 2.51.08 PM.png,292,262,rotten_apple,49,48,292,260
translation_Screen Shot 2018-06-07 at 2.51.16 PM.png,274,294,rotten_apple,39,36,271,292
translation_Screen Shot 2018-06-07 at 2.51.37 PM.png,408,364,rotten_apple,55,39,406,364